duration,protocol_type,service,flag,src_bytes,dst_bytes,land,wrong_fragment,urgent,hot,num_failed_logins,logged_in,num_compromised,root_shell,su_attempted,num_root,num_file_creations,num_shells,num_access_files,num_outbound_cmds,is_host_login,is_guest_login,count,srv_count,serror_rate,srv_serror_rate,rerror_rate,srv_rerror_rate,same_srv_rate,diff_srv_rate,srv_diff_host_rate,dst_host_count,dst_host_srv_count,dst_host_same_srv_rate,dst_host_diff_srv_rate,dst_host_same_src_port_rate,dst_host_srv_diff_host_rate,dst_host_serror_rate,dst_host_srv_serror_rate,dst_host_rerror_rate,dst_host_srv_rerror_rate
0,tcp,private,REJ,0,0,0,0,0,0,0,0,0,0,0,0,0,0,0,0,0,0,229,10,0.0,0.0,1.0,1.0,0.04,0.06,0.0,255,10,0.04,0.06,0.0,0.0,0.0,0.0,1.0,1.0
0,tcp,private,REJ,0,0,0,0,0,0,0,0,0,0,0,0,0,0,0,0,0,0,136,1,0.0,0.0,1.0,1.0,0.01,0.06,0.0,255,1,0.0,0.06,0.0,0.0,0.0,0.0,1.0,1.0
0,tcp,private,REJ,0,0,0,0,0,0,0,0,0,0,0,0,0,0,0,0,0,0,111,2,0.0,0.0,1.0,1.0,0.02,0.07,0.0,255,2,0.01,0.07,0.0,0.0,0.0,0.0,1.0,1.0
0,tcp,telnet,S0,0,0,0,0,0,0,0,0,0,0,0,0,0,0,0,0,0,0,120,120,1.0,1.0,0.0,0.0,1.0,0.0,0.0,235,171,0.73,0.07,0.0,0.0,0.69,0.95,0.02,0.0
0,tcp,private,REJ,0,0,0,0,0,0,0,0,0,0,0,0,0,0,0,0,0,0,204,18,0.0,0.0,1.0,1.0,0.09,0.07,0.0,255,18,0.07,0.07,0.0,0.0,0.0,0.0,1.0,1.0
0,tcp,ldap,REJ,0,0,0,0,0,0,0,0,0,0,0,0,0,0,0,0,0,0,118,19,0.0,0.0,1.0,1.0,0.16,0.05,0.0,255,19,0.07,0.05,0.0,0.0,0.0,0.0,1.0,1.0
0,tcp,courier,REJ,0,0,0,0,0,0,0,0,0,0,0,0,0,0,0,0,0,0,116,8,0.0,0.0,1.0,1.0,0.07,0.07,0.0,255,8,0.03,0.06,0.0,0.0,0.0,0.0,1.0,1.0
0,tcp,discard,RSTO,0,0,0,0,0,0,0,0,0,0,0,0,0,0,0,0,0,0,273,13,0.0,0.0,1.0,1.0,0.05,0.06,0.0,255,13,0.05,0.06,0.0,0.0,0.0,0.0,1.0,1.0
0,icmp,ecr_i,SF,520,0,0,0,0,0,0,0,0,0,0,0,0,0,0,0,0,0,511,511,0.0,0.0,0.0,0.0,1.0,0.0,0.0,46,59,1.0,0.0,1.0,0.14,0.0,0.0,0.0,0.0
805,tcp,http,RSTR,76944,1,0,0,0,0,0,1,0,0,0,0,0,0,0,0,0,0,12,12,0.0,0.0,1.0,1.0,1.0,0.0,0.0,241,238,0.99,0.01,0.0,0.0,0.0,0.0,0.07,0.07
0,tcp,private,S0,0,0,0,0,0,0,0,0,0,0,0,0,0,0,0,0,0,0,144,8,1.0,1.0,0.0,0.0,0.06,0.06,0.0,255,8,0.03,0.06,0.0,0.0,1.0,1.0,0.0,0.0
0,tcp,mtp,REJ,0,0,0,0,0,0,0,0,0,0,0,0,0,0,0,0,0,0,266,8,0.0,0.0,1.0,1.0,0.03,0.06,0.0,255,8,0.03,0.06,0.0,0.0,0.0,0.0,1.0,1.0
0,tcp,systat,S0,0,0,0,0,0,0,0,0,0,0,0,0,0,0,0,0,0,0,281,6,1.0,1.0,0.0,0.0,0.02,0.06,0.0,255,6,0.02,0.07,0.0,0.0,1.0,1.0,0.0,0.0
0,tcp,http,SF,54540,8314,0,0,0,2,0,1,1,0,0,0,0,0,0,0,0,0,4,24,0.0,0.0,0.0,0.0,1.0,0.0,0.08,255,250,0.98,0.01,0.0,0.0,0.0,0.0,0.06,0.06
0,tcp,iso_tsap,REJ,0,0,0,0,0,0,0,0,0,0,0,0,0,0,0,0,0,0,239,7,0.0,0.0,1.0,1.0,0.03,0.06,0.0,255,7,0.03,0.07,0.0,0.0,0.0,0.0,1.0,1.0
0,tcp,private,REJ,0,0,0,0,0,0,0,0,0,0,0,0,0,0,0,0,0,0,201,3,0.0,0.0,1.0,1.0,0.01,0.08,0.0,255,3,0.01,0.08,0.0,0.0,0.0,0.0,1.0,1.0
0,tcp,imap4,REJ,0,0,0,0,0,0,0,0,0,0,0,0,0,0,0,0,0,0,280,8,0.0,0.0,1.0,1.0,0.03,0.06,0.0,255,8,0.03,0.06,0.0,0.0,0.0,0.0,1.0,1.0
7428,tcp,telnet,SF,0,44,0,0,0,0,0,0,0,0,0,0,0,0,0,0,0,0,1,1,0.0,0.0,0.0,0.0,1.0,0.0,0.0,255,217,0.85,0.03,0.0,0.0,0.33,0.39,0.12,0.06
0,tcp,private,REJ,0,0,0,0,0,0,0,0,0,0,0,0,0,0,0,0,0,0,109,13,0.0,0.0,1.0,1.0,0.12,0.06,0.0,255,13,0.05,0.07,0.0,0.0,0.0,0.0,1.0,1.0
0,tcp,smtp,S0,0,0,0,0,0,0,0,0,0,0,0,0,0,0,0,0,0,0,114,1,1.0,1.0,0.0,0.0,0.01,0.06,0.0,255,1,0.0,0.05,0.0,0.0,1.0,1.0,0.0,0.0
0,tcp,private,REJ,0,0,0,0,0,0,0,0,0,0,0,0,0,0,0,0,0,0,216,14,0.0,0.0,1.0,1.0,0.06,0.06,0.0,255,14,0.05,0.07,0.0,0.0,0.0,0.0,1.0,1.0
0,tcp,csnet_ns,REJ,0,0,0,0,0,0,0,0,0,0,0,0,0,0,0,0,0,0,251,3,0.0,0.0,1.0,1.0,0.01,0.06,0.0,255,3,0.01,0.06,0.0,0.0,0.0,0.0,1.0,1.0
8092,tcp,telnet,SF,0,15,0,0,0,0,0,0,0,0,0,0,0,0,0,0,0,0,1,1,0.0,0.0,0.0,0.0,1.0,0.0,0.0,255,67,0.26,0.03,0.0,0.0,0.0,0.01,0.11,0.19
0,tcp,private,REJ,0,0,0,0,0,0,0,0,0,0,0,0,0,0,0,0,0,0,267,19,0.01,0.0,0.99,1.0,0.07,0.06,0.0,255,19,0.07,0.06,0.0,0.0,0.01,0.0,0.99,1.0
0,tcp,private,REJ,0,0,0,0,0,0,0,0,0,0,0,0,0,0,0,0,0,0,231,6,0.0,0.0,1.0,1.0,0.03,0.07,0.0,255,6,0.02,0.07,0.0,0.0,0.0,0.0,1.0,1.0
0,icmp,ecr_i,SF,1480,0,0,1,0,0,0,0,0,0,0,0,0,0,0,0,0,0,1,1,0.0,0.0,0.0,0.0,1.0,0.0,0.0,1,25,1.0,0.0,1.0,0.52,0.0,0.0,0.0,0.0
0,tcp,finger,RSTO,0,0,0,0,0,0,0,0,0,0,0,0,0,0,0,0,0,0,58,19,0.0,0.0,1.0,1.0,0.33,0.07,0.0,255,62,0.24,0.11,0.0,0.0,0.0,0.0,1.0,1.0
0,tcp,private,REJ,0,0,0,0,0,0,0,0,0,0,0,0,0,0,0,0,0,0,103,4,0.0,0.0,1.0,1.0,0.04,0.06,0.0,255,4,0.02,0.06,0.0,0.0,0.0,0.0,1.0,1.0
0,tcp,uucp,RSTO,0,0,0,0,0,0,0,0,0,0,0,0,0,0,0,0,0,0,119,7,0.0,0.0,1.0,1.0,0.06,0.07,0.0,255,7,0.03,0.06,0.0,0.0,0.0,0.0,1.0,1.0
0,tcp,private,REJ,0,0,0,0,0,0,0,0,0,0,0,0,0,0,0,0,0,0,217,6,0.0,0.0,1.0,1.0,0.03,0.07,0.0,255,6,0.02,0.07,0.0,0.0,0.0,0.0,1.0,1.0
0,tcp,private,REJ,0,0,0,0,0,0,0,0,0,0,0,0,0,0,0,0,0,0,106,15,0.0,0.0,1.0,1.0,0.14,0.08,0.0,255,15,0.06,0.06,0.0,0.0,0.0,0.0,1.0,1.0
0,tcp,private,REJ,0,0,0,0,0,0,0,0,0,0,0,0,0,0,0,0,0,0,239,12,0.0,0.0,1.0,1.0,0.05,0.07,0.0,255,12,0.05,0.07,0.0,0.0,0.0,0.0,1.0,1.0
0,tcp,private,REJ,0,0,0,0,0,0,0,0,0,0,0,0,0,0,0,0,0,0,117,10,0.0,0.0,1.0,1.0,0.09,0.06,0.0,255,10,0.04,0.05,0.0,0.0,0.0,0.0,1.0,1.0
0,tcp,private,REJ,0,0,0,0,0,0,0,0,0,0,0,0,0,0,0,0,0,0,228,15,0.0,0.0,1.0,1.0,0.07,0.07,0.0,255,15,0.06,0.08,0.0,0.0,0.0,0.0,1.0,1.0
8080,tcp,telnet,SF,0,15,0,0,0,0,0,0,0,0,0,0,0,0,0,0,0,0,1,1,0.0,0.0,0.0,0.0,1.0,0.0,0.0,255,69,0.27,0.03,0.0,0.0,0.0,0.01,0.11,0.19
8124,tcp,telnet,SF,0,15,0,0,0,0,0,0,0,0,0,0,0,0,0,0,0,0,1,1,0.0,0.0,0.0,0.0,1.0,0.0,0.0,255,60,0.24,0.04,0.0,0.0,0.0,0.02,0.11,0.22
0,tcp,private,S0,0,0,0,0,0,0,0,0,0,0,0,0,0,0,0,0,0,0,259,20,1.0,1.0,0.0,0.0,0.08,0.07,0.0,255,20,0.08,0.07,0.0,0.0,1.0,1.0,0.0,0.0
0,icmp,ecr_i,SF,1032,0,0,0,0,0,0,0,0,0,0,0,0,0,0,0,0,0,173,173,0.0,0.0,0.0,0.0,1.0,0.0,0.0,255,254,1.0,0.01,1.0,0.0,0.0,0.0,0.0,0.0
0,tcp,whois,REJ,0,0,0,0,0,0,0,0,0,0,0,0,0,0,0,0,0,0,282,17,0.0,0.0,1.0,1.0,0.06,0.06,0.0,255,17,0.07,0.07,0.0,0.0,0.0,0.0,1.0,1.0
0,icmp,ecr_i,SF,508,0,0,0,0,0,0,0,0,0,0,0,0,0,0,0,0,0,511,511,0.0,0.0,0.0,0.0,1.0,0.0,0.0,255,192,0.75,0.02,0.75,0.0,0.0,0.0,0.23,0.0
0,tcp,private,REJ,0,0,0,0,0,0,0,0,0,0,0,0,0,0,0,0,0,0,132,12,0.0,0.0,1.0,1.0,0.09,0.05,0.0,255,12,0.05,0.06,0.0,0.0,0.0,0.0,1.0,1.0
0,tcp,private,REJ,0,0,0,0,0,0,0,0,0,0,0,0,0,0,0,0,0,0,226,2,0.03,0.0,0.97,1.0,0.01,0.07,0.0,255,2,0.01,0.08,0.0,0.0,0.02,0.0,0.98,1.0
0,tcp,telnet,S3,0,44,0,0,0,0,0,0,0,0,0,0,0,0,0,0,0,0,1,1,1.0,1.0,0.0,0.0,1.0,0.0,0.0,255,117,0.46,0.02,0.0,0.0,0.53,0.37,0.01,0.01
7554,tcp,telnet,SF,0,44,0,0,0,0,0,0,0,0,0,0,0,0,0,0,0,0,1,1,0.0,0.0,0.0,0.0,1.0,0.0,0.0,255,169,0.66,0.31,0.0,0.0,0.5,0.75,0.31,0.01
0,tcp,private,REJ,0,0,0,0,0,0,0,0,0,0,0,0,0,0,0,0,0,0,218,19,0.0,0.0,1.0,1.0,0.09,0.06,0.0,255,19,0.07,0.07,0.0,0.0,0.0,0.0,1.0,1.0
0,tcp,private,REJ,0,0,0,0,0,0,0,0,0,0,0,0,0,0,0,0,0,0,131,5,0.0,0.0,1.0,1.0,0.04,0.06,0.0,255,5,0.02,0.05,0.0,0.0,0.0,0.0,1.0,1.0
0,tcp,private,REJ,0,0,0,0,0,0,0,0,0,0,0,0,0,0,0,0,0,0,269,7,0.0,0.0,1.0,1.0,0.03,0.07,0.0,255,7,0.03,0.07,0.0,0.0,0.0,0.0,1.0,1.0
2079,tcp,http,RSTR,72564,0,0,0,0,0,0,1,0,0,0,0,0,0,0,0,0,0,11,11,0.0,0.0,1.0,1.0,1.0,0.0,0.0,255,237,0.93,0.01,0.0,0.0,0.0,0.0,0.17,0.18
0,tcp,private,REJ,0,0,0,0,0,0,0,0,0,0,0,0,0,0,0,0,0,0,109,5,0.0,0.0,1.0,1.0,0.05,0.06,0.0,255,5,0.02,0.06,0.0,0.0,0.0,0.0,1.0,1.0
7466,tcp,telnet,SF,0,44,0,0,0,0,0,0,0,0,0,0,0,0,0,0,0,0,1,1,0.0,0.0,0.0,0.0,1.0,0.0,0.0,255,191,0.75,0.24,0.0,0.0,0.5,0.66,0.24,0.01
0,tcp,private,S0,0,0,0,0,0,0,0,0,0,0,0,0,0,0,0,0,0,0,200,8,1.0,1.0,0.0,0.0,0.04,0.06,0.0,255,8,0.03,0.07,0.0,0.0,1.0,1.0,0.0,0.0
0,icmp,ecr_i,SF,1480,0,0,1,0,0,0,0,0,0,0,0,0,0,0,0,0,0,1,3,0.0,0.0,0.0,0.0,1.0,0.0,0.67,90,23,0.01,1.0,0.01,0.52,0.99,0.0,0.0,0.0
1,tcp,smtp,SF,2599,293,0,0,0,0,0,1,0,0,0,0,0,0,0,0,0,0,3,3,0.0,0.0,0.0,0.0,1.0,0.0,0.0,255,203,0.8,0.13,0.0,0.0,0.0,0.0,0.19,0.0
0,tcp,private,REJ,0,0,0,0,0,0,0,0,0,0,0,0,0,0,0,0,0,0,267,11,0.0,0.0,1.0,1.0,0.04,0.06,0.0,255,11,0.04,0.07,0.0,0.0,0.0,0.0,1.0,1.0
8169,tcp,telnet,SF,0,15,0,0,0,0,0,0,0,0,0,0,0,0,0,0,0,0,1,1,0.0,0.0,0.0,0.0,1.0,0.0,0.0,255,19,0.07,0.82,0.0,0.0,0.0,0.0,0.8,0.0
0,tcp,mtp,REJ,0,0,0,0,0,0,0,0,0,0,0,0,0,0,0,0,0,0,286,18,0.0,0.0,1.0,1.0,0.06,0.06,0.0,255,18,0.07,0.06,0.0,0.0,0.0,0.0,1.0,1.0
0,tcp,netbios_ns,S0,0,0,0,0,0,0,0,0,0,0,0,0,0,0,0,0,0,0,179,19,1.0,1.0,0.0,0.0,0.11,0.08,0.0,255,19,0.07,0.08,0.0,0.0,1.0,1.0,0.0,0.0
0,tcp,private,S0,0,0,0,0,0,0,0,0,0,0,0,0,0,0,0,0,0,0,203,14,1.0,1.0,0.0,0.0,0.07,0.06,0.0,255,14,0.05,0.07,0.0,0.0,1.0,1.0,0.0,0.0
0,tcp,private,REJ,0,0,0,0,0,0,0,0,0,0,0,0,0,0,0,0,0,0,273,3,0.0,0.0,1.0,1.0,0.01,0.06,0.0,255,3,0.01,0.06,0.0,0.0,0.0,0.0,1.0,1.0
0,tcp,systat,S0,0,0,0,0,0,0,0,0,0,0,0,0,0,0,0,0,0,0,239,20,1.0,1.0,0.0,0.0,0.08,0.07,0.0,255,20,0.08,0.08,0.0,0.0,1.0,1.0,0.0,0.0
0,tcp,private,RSTO,0,0,0,0,0,0,0,0,0,0,0,0,0,0,0,0,0,0,198,1,0.0,0.0,1.0,1.0,0.01,0.07,0.0,255,1,0.0,0.07,0.0,0.0,0.0,0.0,1.0,1.0
0,tcp,imap4,S0,0,0,0,0,0,0,0,0,0,0,0,0,0,0,0,0,0,0,110,9,1.0,1.0,0.0,0.0,0.08,0.07,0.0,255,9,0.04,0.06,0.0,0.0,1.0,1.0,0.0,0.0
0,tcp,private,S0,0,0,0,0,0,0,0,0,0,0,0,0,0,0,0,0,0,0,216,7,1.0,1.0,0.0,0.0,0.03,0.06,0.0,255,7,0.03,0.07,0.0,0.0,1.0,1.0,0.0,0.0
0,tcp,private,S0,0,0,0,0,0,0,0,0,0,0,0,0,0,0,0,0,0,0,158,5,1.0,1.0,0.0,0.0,0.03,0.11,0.0,255,5,0.02,0.1,0.0,0.0,1.0,1.0,0.0,0.0
7526,tcp,telnet,SF,0,44,0,0,0,0,0,0,0,0,0,0,0,0,0,0,0,0,1,1,0.0,0.0,0.0,0.0,1.0,0.0,0.0,255,187,0.73,0.02,0.0,0.0,0.39,0.39,0.01,0.01
0,tcp,private,REJ,0,0,0,0,0,0,0,0,0,0,0,0,0,0,0,0,0,0,242,2,0.0,0.0,1.0,1.0,0.01,0.07,0.0,255,2,0.01,0.06,0.0,0.0,0.0,0.0,1.0,1.0
0,tcp,private,REJ,0,0,0,0,0,0,0,0,0,0,0,0,0,0,0,0,0,0,272,14,0.0,0.0,1.0,1.0,0.05,0.06,0.0,255,14,0.05,0.06,0.0,0.0,0.0,0.0,1.0,1.0
2079,tcp,http,RSTR,69644,0,0,0,0,0,0,1,0,0,0,0,0,0,0,0,0,0,12,12,0.0,0.0,1.0,1.0,1.0,0.0,0.0,255,237,0.93,0.01,0.0,0.0,0.0,0.0,0.17,0.19
0,icmp,ecr_i,SF,508,0,0,0,0,0,0,0,0,0,0,0,0,0,0,0,0,0,321,321,0.0,0.0,0.0,0.0,1.0,0.0,0.0,255,255,1.0,0.0,1.0,0.0,0.0,0.0,0.0,0.0
0,tcp,private,REJ,0,0,0,0,0,0,0,0,0,0,0,0,0,0,0,0,0,0,148,1,0.0,0.0,1.0,1.0,0.01,0.06,0.0,255,1,0.0,0.06,0.0,0.0,0.0,0.0,1.0,1.0
0,tcp,link,REJ,0,0,0,0,0,0,0,0,0,0,0,0,0,0,0,0,0,0,233,17,0.0,0.0,1.0,1.0,0.07,0.06,0.0,255,17,0.07,0.07,0.0,0.0,0.0,0.0,1.0,1.0
0,tcp,private,REJ,0,0,0,0,0,0,0,0,0,0,0,0,0,0,0,0,0,0,139,17,0.0,0.0,1.0,1.0,0.12,0.06,0.0,255,17,0.07,0.06,0.0,0.0,0.0,0.0,1.0,1.0
7510,tcp,telnet,SF,0,44,0,0,0,0,0,0,0,0,0,0,0,0,0,0,0,0,1,1,0.0,0.0,0.0,0.0,1.0,0.0,0.0,255,190,0.75,0.02,0.0,0.0,0.38,0.38,0.01,0.01
0,tcp,finger,RSTO,0,0,0,0,0,0,0,0,0,0,0,0,0,0,0,0,0,0,200,13,0.0,0.0,1.0,1.0,0.06,0.06,0.0,255,13,0.05,0.07,0.0,0.0,0.0,0.0,1.0,1.0
0,tcp,Z39_50,REJ,0,0,0,0,0,0,0,0,0,0,0,0,0,0,0,0,0,0,209,4,0.0,0.0,1.0,1.0,0.02,0.07,0.0,255,4,0.02,0.08,0.0,0.0,0.0,0.0,1.0,1.0
0,tcp,http,S0,0,0,0,0,0,0,0,0,0,0,0,0,0,0,0,0,0,0,110,110,1.0,1.0,0.0,0.0,1.0,0.0,0.0,255,255,1.0,0.0,0.0,0.0,0.65,0.65,0.32,0.32
0,tcp,whois,REJ,0,0,0,0,0,0,0,0,0,0,0,0,0,0,0,0,0,0,217,9,0.0,0.0,1.0,1.0,0.04,0.07,0.0,255,9,0.04,0.07,0.0,0.0,0.0,0.0,1.0,1.0
0,tcp,telnet,S3,0,44,0,0,0,0,0,0,0,0,0,0,0,0,0,0,0,0,1,1,1.0,1.0,0.0,0.0,1.0,0.0,0.0,255,141,0.55,0.41,0.0,0.0,0.44,0.8,0.4,0.01
2069,tcp,http,RSTR,72564,0,0,0,0,0,0,1,0,0,0,0,0,0,0,0,0,0,8,8,0.0,0.0,1.0,1.0,1.0,0.0,0.0,255,244,0.96,0.01,0.0,0.0,0.02,0.02,0.47,0.49
0,icmp,ecr_i,SF,1008,0,0,0,0,0,0,0,0,0,0,0,0,0,0,0,0,0,70,70,0.0,0.0,0.0,0.0,1.0,0.0,0.0,255,255,1.0,0.0,1.0,0.0,0.0,0.0,0.0,0.0
0,tcp,private,REJ,0,0,0,0,0,0,0,0,0,0,0,0,0,0,0,0,0,0,195,3,0.0,0.0,1.0,1.0,0.02,0.07,0.0,255,3,0.01,0.07,0.0,0.0,0.0,0.0,1.0,1.0
0,tcp,http,SF,54540,8314,0,0,0,2,0,1,1,0,0,0,0,0,0,0,0,0,4,6,0.0,0.0,0.0,0.0,1.0,0.0,0.5,255,254,1.0,0.01,0.0,0.0,0.0,0.0,0.07,0.07
0,tcp,private,S0,0,0,0,0,0,0,0,0,0,0,0,0,0,0,0,0,0,0,148,11,1.0,1.0,0.0,0.0,0.07,0.05,0.0,58,11,0.19,0.09,0.02,0.0,1.0,1.0,0.0,0.0
0,tcp,auth,REJ,0,0,0,0,0,0,0,0,0,0,0,0,0,0,0,0,0,0,202,10,0.0,0.0,1.0,1.0,0.05,0.06,0.0,255,10,0.04,0.06,0.0,0.0,0.0,0.0,1.0,1.0
0,icmp,ecr_i,SF,1480,0,0,1,0,0,0,0,0,0,0,0,0,0,0,0,0,0,1,3,0.0,0.0,0.0,0.0,1.0,0.0,0.67,1,39,1.0,0.0,1.0,0.51,0.0,0.0,0.0,0.0
0,tcp,http,S0,0,0,0,0,0,0,0,0,0,0,0,0,0,0,0,0,0,0,35,35,0.26,0.26,0.74,0.74,1.0,0.0,0.0,255,255,1.0,0.0,0.0,0.0,0.05,0.05,0.68,0.68
902,tcp,http,RSTR,57964,0,0,0,0,0,0,1,0,0,0,0,0,0,0,0,0,0,42,42,0.02,0.02,0.95,0.95,1.0,0.0,0.0,255,255,1.0,0.0,0.0,0.0,0.0,0.0,0.16,0.16
0,tcp,http,S0,0,0,0,0,0,0,0,0,0,0,0,0,0,0,0,0,0,0,29,29,0.79,0.79,0.17,0.17,1.0,0.0,0.0,255,255,1.0,0.0,0.0,0.0,0.14,0.14,0.7,0.7
0,tcp,private,REJ,0,0,0,0,0,0,0,0,0,0,0,0,0,0,0,0,0,0,124,12,0.0,0.0,1.0,1.0,0.1,0.07,0.0,255,12,0.05,0.06,0.0,0.0,0.0,0.0,1.0,1.0
0,tcp,private,S0,0,0,0,0,0,0,0,0,0,0,0,0,0,0,0,0,0,0,117,11,1.0,1.0,0.0,0.0,0.09,0.07,0.0,255,11,0.04,0.06,0.0,0.0,1.0,1.0,0.0,0.0
0,tcp,private,S0,0,0,0,0,0,0,0,0,0,0,0,0,0,0,0,0,0,0,224,2,1.0,1.0,0.0,0.0,0.01,0.07,0.0,255,2,0.01,0.07,0.0,0.0,1.0,1.0,0.0,0.0
0,tcp,netbios_dgm,S0,0,0,0,0,0,0,0,0,0,0,0,0,0,0,0,0,0,0,234,2,1.0,1.0,0.0,0.0,0.01,0.07,0.0,255,2,0.01,0.07,0.0,0.0,1.0,1.0,0.0,0.0
0,tcp,private,S0,0,0,0,0,0,0,0,0,0,0,0,0,0,0,0,0,0,0,189,17,1.0,1.0,0.0,0.0,0.09,0.08,0.0,255,17,0.07,0.08,0.0,0.0,1.0,1.0,0.0,0.0
0,tcp,private,REJ,0,0,0,0,0,0,0,0,0,0,0,0,0,0,0,0,0,0,252,19,0.0,0.0,1.0,1.0,0.08,0.06,0.0,138,19,0.14,0.09,0.01,0.0,0.0,0.0,1.0,1.0
0,tcp,telnet,RSTO,0,0,0,0,0,0,0,0,0,0,0,0,0,0,0,0,0,0,266,17,0.0,0.0,1.0,1.0,0.06,0.06,0.0,255,17,0.07,0.07,0.0,0.0,0.0,0.0,1.0,1.0
0,tcp,private,S0,0,0,0,0,0,0,0,0,0,0,0,0,0,0,0,0,0,0,294,16,1.0,1.0,0.0,0.0,0.05,0.06,0.0,255,16,0.06,0.06,0.0,0.0,1.0,1.0,0.0,0.0
0,tcp,uucp_path,REJ,0,0,0,0,0,0,0,0,0,0,0,0,0,0,0,0,0,0,211,15,0.0,0.0,1.0,1.0,0.07,0.08,0.0,255,15,0.06,0.08,0.0,0.0,0.0,0.0,1.0,1.0
0,tcp,private,S0,0,0,0,0,0,0,0,0,0,0,0,0,0,0,0,0,0,0,216,17,1.0,1.0,0.0,0.0,0.08,0.06,0.0,255,17,0.07,0.06,0.0,0.0,1.0,1.0,0.0,0.0
0,tcp,private,REJ,0,0,0,0,0,0,0,0,0,0,0,0,0,0,0,0,0,0,145,17,0.0,0.0,1.0,1.0,0.12,0.06,0.0,244,17,0.07,0.05,0.0,0.0,0.0,0.0,1.0,1.0
0,tcp,private,RSTO,0,0,0,0,0,0,0,0,0,0,0,0,0,0,0,0,0,0,140,17,0.0,0.0,1.0,1.0,0.12,0.06,0.0,255,17,0.07,0.05,0.0,0.0,0.0,0.0,1.0,1.0
